Id,Like Count,Comment Count,retweet Count,View count,Title,countOfWords,countOfPositive,countOfNegative
0,1418,292,116,317000,Politics,16,1,1
1,20200,134,1014,1600000,Politics,9,1,0
2,13100,1283,2488,1900000,Politics,48,1,4
3,8251,1574,1476,1700000,Politics,41,2,1
4,7866,1043,2971,725600,Politics,43,0,2
5,796,144,198,13800,Politics,30,2,0
6,8795,178,942,693100,Politics,21,1,0
7,595,49,261,109400,Politics,45,2,3
8,2371,957,417,58900,Politics,7,1,0
9,1348,41,345,154400,Politics,16,2,1
10,4596,209,1355,88300,Politics,49,1,1
11,202,26,90,16300,Politics,34,2,0
12,295,9,140,23400,Politics,7,1,0
13,20300,239,5145,1100000,Politics,38,3,0
14,3902,505,1515,157500,Politics,15,0,0
15,8097,530,2633,726800,Politics,37,1,4
16,1234,144,872,36000,Politics,33,1,3
17,0,0,0,16,Politics,27,1,0
18,1,0,0,4,Politics,44,0,2
19,722,7,198,9828,Politics,38,1,2
20,16,2,5,382,Politics,20,1,0
21,31,46,16,4753,Politics,8,1,0
22,242,22,34,3074,Politics,13,0,1
23,236,14,94,5376,Politics,44,1,0
24,120,20,8,2220,Politics,35,2,0
25,8356,1580,1477,1800000,Politics,41,2,1
26,220,121,72,33000,Politics,14,1,1
27,61,5,15,632,Politics,47,1,1
28,9,1,3,211,Politics,23,1,0
29,117,5,44,5923,Politics,19,1,2
30,1020,63,194,41900,Politics,14,1,1
31,11,2,2,308,Politics,13,0,1
32,142,4,83,4011,Politics,10,0,1
33,882,385,136,232100,Politics,49,1,1
34,23,5,5,404,Politics,5,0,0
35,33,122,7,226,Politics,14,1,1
36,2653,105,662,118100,Politics,2,0,0
37,66,122,1,5673,Politics,11,0,0
38,193,22,13,1884,Politics,40,2,1
39,380,50,218,13500,Politics,41,1,1
40,7,122,2,60,Politics,40,1,3
41,7608,74,599,12500,Politics,15,0,1
42,185,4,4,23000,Politics,12,1,1
43,403,31,74,8031,Politics,40,2,2
44,3483,122,538,248461,Politics,1,0,0
45,428,164,92,7374,Politics,45,1,0
46,106,2,19,1506,Politics,14,0,0
47,0,0,0,10,Politics,13,0,0
48,0,0,0,8,Politics,10,1,1
49,20,0,5,116,Politics,40,2,3
50,0,1,1,23,Politics,9,0,1
51,0,0,0,10,Politics,7,1,0
52,0,0,0,5,Politics,8,1,1
53,0,0,0,3,Politics,29,3,0
54,0,0,0,11,Politics,12,1,0
55,1,0,0,4,Politics,18,2,0
56,23,1,1,757,Politics,29,2,1
57,0,0,6,17,Politics,10,0,0
58,32,0,13,3641,Science,27,0,0
59,1205,63,592,67000,Science,7,1,0
60,187,19,71,17000,Science,22,1,0
61,55,14,15,4476,Science,43,2,1
62,337,49,337,13000,Science,16,1,0
63,122,42,28,47000,Science,17,1,0
64,419,39,70,21000,Science,25,1,0
65,127,50,63,1353,Science,1,0,0
66,63000,3289,3790,3000000,Science,2,0,0
67,128,9,58,7782,Science,16,0,2
68,43,9,14,1996,Science,6,0,1
69,12,11,2,193,Science,16,0,0
70,54,6,35,3997,Science,12,1,0
71,22,8,19,2064,Science,43,1,0
72,540,37,225,11000,Science,30,0,0
73,390,6,59,12000,Science,18,0,0
74,13,16,5,2682,Science,10,0,1
75,15,1,1,366,Science,39,2,1
76,15000,873,2407,760000,Science,23,0,2
77,7,1,4,415,Science,6,0,0
78,14,122,45,295,Science,1,0,0
79,137,8,7,9215,Science,3,0,0
80,0,122,0,248461,Science,6,0,0
81,24,1,21,356,Science,7,0,0
82,29,2,5,971,Science,42,0,1
83,10,0,1,1442,Science,20,0,0
84,197,9,2,6625,Science,9,0,0
85,1266,84,119,29000,Science,15,0,0
86,41,9,3,1443,Science,16,2,0
87,35,122,13,3711,Science,27,0,0
88,23,6,27,14000,Science,28,0,0
89,8,1,1,116,Science,11,1,0
90,5,0,1,591,Science,13,0,0
91,3,122,2,28,Science,14,0,0
92,1,1,0,43,Science,13,0,0
93,20,1,3,456,Science,25,1,0
94,0,122,0,248461,Science,39,0,0
95,126,2,56,7503,Science,33,0,2
96,27,4,17,16000,Science,18,0,0
97,77,5,13,14000,Science,21,0,0
98,16,2,5,2936,Science,13,0,1
99,10,122,1,302,Science,38,0,0
100,21,2,12,924,Science,42,0,1
101,11,5,2,298,Science,9,1,0
102,1,0,1,21,Science,30,0,0
103,11,122,7,223,Science,22,0,2
104,0,0,0,8,Science,47,1,2
105,13,4,1,784,Science,20,2,0
106,47,0,17,7314,Science,12,0,1
107,1308,337,15,100000,Science,32,0,0
108,8,0,1,306,Science,12,0,0
109,0,0,0,13,Science,18,0,0
110,3,2,0,222,Science,12,0,1
111,7,1,16,3401,Science,28,0,0
112,12,122,1,163,Science,46,2,0
113,87,9,42,798,Science,7,0,0
114,218,5,76,10000,Science,41,3,4
115,211,19,60,18000,Science,21,1,2
116,7133,204,1534,158000,Science,44,0,1
117,460,21,217,8982,Science,25,1,0
118,66,6,5,2877,Science,23,0,0
119,57,5,32,922,Science,29,0,0
120,16,4,3,392,Science,15,0,0
121,975,67,137,41000,Science,19,1,1
122,3,3,4,309,Science,10,0,0
123,0,0,0,6,Art,7,1,0
124,0,1,0,1,Art,41,0,0
125,2,3,0,1,Art,19,0,1
126,3,122,0,33,Art,4,0,0
127,177,1,5,4356,Art,10,1,0
128,6,1,0,424,Art,11,0,0
129,328,24,42,7753,Art,20,0,0
130,0,0,0,248461,Art,7,0,0
131,0,122,0,0,Art,13,0,0
132,0,0,0,12,Art,11,2,0
133,0,0,0,4,Art,16,0,0
134,0,0,6,248461,Art,47,1,3
135,1,0,1,38,Art,14,0,0
136,0,0,0,7,Art,6,0,0
137,0,1,0,8,Art,6,0,0
138,0,0,0,12,Art,15,1,1
139,0,122,0,38,Art,35,1,1
140,0,0,0,1,Art,13,0,0
141,43,3,5,391,Art,23,0,0
142,0,0,0,13,Art,8,0,0
143,1,1,0,33,Art,16,1,0
144,0,0,1,959,Art,8,0,0
145,6,1,0,115,Art,6,1,0
146,25,1,15,792,Art,13,0,0
147,8,1,1,271,Art,14,0,0
148,2,1,0,55,Art,7,0,1
149,30,2,1,1380,Art,15,0,0
150,1,1,0,217,Art,47,2,1
151,5,2,1,695,Art,14,0,0
152,1,122,0,3,Art,6,1,0
153,1,1,0,8,Art,31,2,1
154,12,1,5,1249,Art,11,1,0
155,102,491,538,248461,Art,2,0,0
156,2,0,1,88,Art,31,0,0
157,14,122,4,246,Art,24,1,0
158,12,2,2,771,Art,8,0,0
159,178,9,0,6531,Art,24,3,0
160,80,1,4,1149,Art,20,0,0
161,50900,389,10500,3900000,Art,12,1,0
162,78900,993,14100,5900,Art,15,0,0
163,4039,8,835,124000,Art,6,1,0
164,7858,89,1247,724800,Art,24,1,2
165,19100,41,1757,452600,Art,10,1,0
166,813,28,159,16100,Art,10,1,1
167,14700,62,1380,467700,Art,21,2,1
168,9586,28,881,318100,Art,27,1,0
169,8963,65,1211,1600000,Art,13,1,0
170,46200,625,5182,6000000,Art,9,1,0
171,28100,108,2603,1300000,Art,12,1,1
172,6682,11,517,139800,Art,18,1,0
173,20200,71,1302,879800,Art,20,2,1
174,8765,6,1165,240600,Art,9,1,0
175,770,7,125,15100,Art,10,2,0
176,24300,17,2884,551700,Art,6,2,0
177,821,3,78,73200,Art,22,1,1
178,1542,83,153,94500,Art,12,0,1
179,2208,240,463,740700,Art,13,1,0
180,301,113,35,10300,Art,9,1,0
181,467,122,166,7251,Art,6,1,0
182,95,2,18,3405,Art,13,1,0
183,57,9,8,108,Art,7,1,0
184,331,5,40,6986,Art,10,1,0
185,2164,6,526,112200,Art,4,1,0
186,108,122,29,2587,Art,11,1,0
187,71,2,6,2930,Art,19,2,2
188,1,0,0,248461,Art,17,1,0
189,0,0,0,248461,Art,30,1,0
190,0,0,0,248461,Art,18,1,0
191,0,0,0,1,Art,14,0,0
192,0,1,0,3,Art,4,2,0
193,3,5,0,30,Art,23,1,0
194,1,0,1,24,Art,6,1,0
195,0,0,0,248461,Art,15,1,0
196,0,1,0,27,Art,10,1,0
197,1,0,0,29,Art,12,1,0
198,0,0,0,25,Art,15,1,0
199,0,0,0,17,Art,19,1,1
200,2,1,2,159,Art,13,1,0
201,5,0,0,158,Art,19,1,0
202,2,1,0,48,Art,17,1,0
203,16,1,5,459,Art,41,1,3
204,1,0,0,22,Art,10,1,0
205,0,0,0,23,Art,13,1,0
206,49,10,21,2596,Health,7,0,1
207,457,24,80,15000,Health,41,1,1
208,206,3,108,6393,Health,8,0,1
209,222,14,267,10000,Health,5,1,0
210,3224,19,1019,175000,Health,39,1,0
211,385,16,192,27000,Health,28,1,2
212,178,15,67,11000,Health,47,1,1
213,851,132,426,65000,Health,14,0,0
214,77,40,26,2145,Health,30,0,2
215,2733,98,895,141000,Health,36,0,1
216,43,21,10,1488,Health,29,2,1
217,86,5,18,1172,Health,48,1,1
218,1145,61,672,61000,Health,32,1,3
219,116,13,34,2326,Health,11,0,0
220,371,20,159,12000,Health,12,0,2
221,312,41,139,75000,Health,19,0,0
222,532,143,352,15000,Health,22,0,0
223,740,3,238,15000,Health,41,1,0
224,2082,3,588,59000,Health,50,0,1
225,83000,4820,19000,8000000,Health,16,1,0
226,82,16,35,7289,Health,16,1,0
227,749,35,103,14000,Health,38,1,2
228,2406,75,710,229000,Health,38,1,2
229,1059,9,117,19000,Health,55,0,0
230,54,2,18,10000,Health,37,0,4
231,3557,120,573,57000,Health,21,0,1
232,425,4,56,9029,Health,44,0,2
233,3159,432,912,229000,Health,25,1,1
234,144,12,89,3636,Health,32,0,0
235,63,6,22,1708,Health,11,0,0
236,254,18,124,18000,Health,47,1,3
237,386,57,305,9844,Health,14,0,1
238,74,5,10,1341,Health,44,1,2
239,161,4,27,3091,Health,41,0,3
240,31,25,21,9876,Health,14,0,1
241,1604,28,486,276000,Health,6,0,0
242,121,5,50,2296,Health,7,0,1
243,279,178,81,24000,Health,12,0,1
244,2586,115,1241,115000,Health,22,0,1
245,15,32,4,10000,Health,28,0,0
246,91,1,40,6589,Health,39,0,1
247,699,398,132,87000,Health,44,1,1
248,103,17,11,2399,Health,41,1,1
249,1330,44,925,92000,Health,53,0,3
250,1468,49,800,51000,Health,24,0,1
251,162,14,54,5327,Health,39,0,1
252,1052,206,1428,2000000,Health,17,0,1
253,35000,2495,9584,12000000,Sport,21,2,0
254,23000,67,1038,511000,Sport,7,0,0
255,3869,25,216,134000,Sport,45,0,0
256,9084,109,432,584000,Sport,32,0,0
257,21000,319,2915,921000,Sport,38,2,0
258,2705,20,317,114000,Sport,24,0,0
259,3102,46,378,356000,Sport,27,2,0
260,2636,182,543,377000,Sport,10,1,0
261,33000,123,2389,1000000,Sport,26,1,1
262,1758,58,55,58000,Sport,22,2,0
263,13000,92,920,355000,Sport,24,2,0
264,28000,261,1586,490000,Sport,2,1,0
265,1019,150,301,527000,Sport,21,1,0
266,36000,965,9536,2000000,Sport,10,0,0
267,8447,239,312,180000,Sport,10,2,0
268,23000,87,765,636000,Sport,12,0,0
269,1679,19,503,122000,Sport,14,2,1
270,10000,71,805,367000,Sport,9,1,0
271,3846,80,246,173000,Sport,13,1,0
272,15000,171,1172,340000,Sport,20,0,0
273,5752,6,339,83000,Sport,4,0,0
274,2197,14,176,52000,Sport,35,2,0
275,274,10,23,19000,Sport,20,2,0
276,224,22,15,19000,Sport,57,1,2
277,140,51,22,10000,Sport,18,1,0
278,12000,193,718,397000,Sport,12,0,0
279,462,7,59,85000,Sport,43,0,2
280,4506,104,212,250000,Sport,14,1,0
281,139,58,8,3493,Sport,39,2,1
282,718,6,31,15000,Sport,9,2,0
283,119,2,9,3900,Sport,12,1,0
284,1016,12,93,109000,Sport,40,1,1
285,10000,86,579,276000,Sport,2,1,0
